title,category
Python入門 初心者向けの基本文法と簡単なスクリプト,Python
Djangoで作る本格的なWebアプリケーション構築手順,Python
FlaskとSQLAlchemyを使った軽量APIサーバー開発,Python
Pandasによるデータ分析超入門：データフレームの基本操作,Python
Streamlitを使ってPythonだけでデータ可視化アプリを作る,Python
NumPy高速数値計算テクニックと多次元配列の扱い方,Python
Pythonの非同期処理（asyncio）を完全に理解する,Python
FastAPIで爆速で型安全なWebAPIを実装する方法,Python
Requestsライブラリを使ったスクレイピング入門と注意点,Python
Pythonのリスト内包表記を使いこなしてコードを簡潔にする,Python
Poetryを使ったPythonの依存関係管理と仮想環境構築,Python
Pythonのデコレータ（decorator）の仕組みと実用例,Python
Scikit-learnで始める機械学習：初学者が最初にやること,Python
BeautifulSoupでWebサイトから特定の情報を抽出する,Python
Pythonにおける例外処理のベストプラクティス（try-except）,Python
MatplotlibとSeabornで綺麗なグラフを描画するテクニック,Python
PythonでExcelファイルを自動操作するOpenPyXLの使い方,Python
Python 3.13の新機能とパフォーマンス改善についてまとめた,Python
pytestを使ったユニットテストの書き方と自動化の手順,Python
Pythonのオブジェクト指向：クラスと継承の基本をマスター,Python
Jupyter Notebookの便利なショートカットと拡張機能まとめ,Python
PythonでLINEボットを自作してHerokuで動かす方法,Python
OpenCVを使った画像処理入門：顔認識を実装してみる,Python
Pythonの文字列フォーマット（f-strings）の便利な使い方,Python
Pythonで環境変数を安全に扱うためのpython-dotenv,Python
ランダムフォレストをPythonで実装してデータ予測に挑戦,Python
Pythonのlambda（ラムダ式）の書き方と使いどころ,Python
Deep Learning入門：PyTorchでシンプルなニューラルネット実装,Python
Pythonの標準ライブラリ（os/sys/math）の便利機能まとめ,Python
Pythonでファイルの読み書き（open関数）を安全に行う方法,Python
Docker入門：コンテナの仕組みと基本コマンドをわかりやすく解説,Docker
Dockerfileの書き方：軽量で安全なイメージを作るベストプラクティス,Docker
Docker ComposeでWebアプリとDBのマルチコンテナ環境を作る,Docker
docker-compose.ymlの共通設定を拡張（extends）で共通化する,Docker
Dockerコンテナ内のデータを永続化するボリューム（Volume）の仕組み,Docker
Dockerイメージのレイヤー数を減らしてビルドを高速化する,Docker
Dockerのマルチステージビルド（Multi-stage build）超入門,Docker
開発環境をDocker化して「私のPCでは動く」を撲滅する,Docker
Dockerのネットワーク構造（bridge / host / none）を理解する,Docker
docker execコマンドでコンテナ内に入ってデバッグする方法,Docker
Docker Desktop有料化に伴う代替環境（Rancher Desktop等）の検討,Docker
Dockerコンテナの自動起動設定（restart: always）の使い方,Docker
DockerイメージをDocker Hubにプッシュして共有する手順,Docker
Dockerのキャッシュを上手に使ってビルド時間を節約する,Docker
Docker Compose V2（docker compose）への移行と変更点,Docker
M1/M2 MacでDockerを動かす時のプラットフォーム指定（--platform）,Docker
Dockerコンテナのログ（docker logs）を確認・制限する方法,Docker
Dockerを使ってローカルにPostgreSQL環境を1秒で立ち上げる,Docker
docker system pruneで不要なコンテナやイメージを一掃する,Docker
Dockerのセキュリティ：ルート権限を避けるUSER指定の重要性,Docker
KubernetesとDockerの違いとは？コンテナオーケストレーション入門,Docker
Docker Composeで環境変数（.env）を読み込む正しい方法,Docker
Dockerコンテナのメモリ・CPUリソース制限を設定する,Docker
Next.jsの開発環境をDocker上に構築してホットリロードさせる,Docker
DockerでWordPressのローカル開発環境をサクッと構築する,Docker
nginxコンテナを使ってリバースプロキシをDockerで構築する,Docker
Alpine LinuxベースのDockerイメージで容量を極限まで削る,Docker
Dockerコンテナ間の名前解決の仕組みとカスタムネットワーク,Docker
AWS ECSにDockerコンテナをデプロイする際の一連の流れ,Docker
DockerのENTRYPOINTとCMDの違いを完全に理解する,Docker
Java入門：オブジェクト指向の基本概念（カプセル化・継承・ポリモーフィズム）,Java
Java 21の新機能：仮想スレッド（Virtual Threads）を試してみる,Java
Spring Bootで始める超シンプルなWebアプリケーション開発,Java
JavaのStream APIを使いこなしてコレクション操作を綺麗にする,Java
Javaの例外処理：チェック例外と非チェック例外の正しい使い分け,Java
MavenとGradleの違いとは？Javaのビルドツール入門,Java
Javaのラムダ式と関数型インターフェースの書き方まとめ,Java
ArrayListとLinkedListの内部構造とパフォーマンス比較,Java
Javaのガベージコレクション（GC）の仕組みとチューニング基本,Java
Spring Securityを使ったユーザー認証機能の実装手順,Java
JavaでJUnit 5を使った単体テストの書き方とアサーション,Java
JavaのOptionalクラスを使ってNullPointerExceptionを防ぐ,Java
JDBCを使ったデータベース接続とPreparedStatementの利用,Java
JavaのGenerics（ジェネリクス）の仕組みとワイルドカードの解説,Java
IntelliJ IDEAをJava開発用に最適化するおすすめ設定,Java
Javaのインターフェース（Interface）と抽象クラス（Abstract）の使い分け,Java
EclipseからIntelliJへの移行で戸惑ったこととその解決策,Java
Javaでマルチスレッドプログラミング：並行処理の基本,Java
Lombok（@Data等）を使ってJavaのボイラープレートコードを撲滅する,Java
Javaのレコード（Record）クラスの使い方とメリット,Java
Spring BootでREST APIを実装してJSONを返す方法,Java
Javaの文字列結合：String/StringBuilder/StringBufferの比較,Java
Javaで日付と時間を扱うjava.timeパッケージ（LocalDate等）の使い方,Java
JavaのEnum（列挙型）に独自メソッドや値を持たせるテクニック,Java
MyBatisを使ったJavaのデータアクセス層（DAO）の実装方法,Java
JavaのコンパイルとJVM（Java仮想マシン）の仕組みを解説,Java
デザインパターン（Singleton/Factory）をJavaで実装してみる,Java
Javaでファイル読み込み（BufferedReader/Files）の最適解,Java
Spring Bootのアノテーション（@Component / @Autowired）の仕組み,Java
Javaのハッシュマップ（HashMap）の内部構造と衝突の仕組み,Java
C言語入門：ポインタの概念を世界一わかりやすく解説する,C
C言語のアドレス演算子（&）と間接参照演算子（*）の正体,C
C言語におけるメモリ動的確保（malloc / free）の正しい使い方,C
配列とポインタの親戚関係：C言語のメモリレイアウトを覗く,C
C言語の構造体（struct）の基本とアライメントによるサイズの変化,C
C言語でファイル入処理（fopen / fclose / fprintf）,C
ポインタのポインタ（ダブルポインタ）はどんな時に使うのか,C
C言語の文字列操作関数（strcpy / strcat / strlen）の危険性と対策,C
C言語のプリプロセッサ（#define / #include）の仕組み,C
Makefileを書いてC言語の複数ソースファイルのコンパイルを自動化する,C
C言語のビット演算（AND / OR / XORシフト）とフラグ管理,C
セグメンテーションフォルト（Segmentation fault）の原因とデバッグ法,C
C言語の列挙型（enum）と共用体（union）の使いどころ,C
C言語でスタック（Stack）とキュー（Queue）のデータ構造を自作する,C
標準入力（scanf）の罠と安全な代替案（fgets）,C
C言語でコマンドライン引数（argc / argv）を受け取る方法,C
C言語のスコープ（ローカル変数 / グローバル変数 / static変数）,C
C言語で線形探索と二分探索アルゴリズムを実装比較する,C
ヘッダーファイル（.h）の二重インクルードを防ぐインクルードガード,C
C言語による組み込み開発：レジスタ操作とメモリマップドIO,C
C言語の関数ポインタを使ってコールバック関数を実装する,C
ガベージコレクションがない世界：C言語のメモリリーク検出法,C
printfのフォーマット指定子（%d / %f / %s / %p）一覧と注意点,C
C言語で双方向リスト（Linked List）をゼロから実装する,C
C言語の文法だけでシンプルな数式電卓プログラムを作る,C
標準ライブラリ（stdlib.h / string.h）の便利関数を再実装してみる,C
C言語の再帰関数（Recursive function）の仕組みとスタックオーバーフロー,C
C言語におけるマルチバイト文字列とUnicodeの扱い方,C
コンパイラ（gcc）の最適化オプション（-O2 / -O3）でどれだけ速くなるか,C
C言語でバブルソートとクイックソートの実装と速度検証,C
C++入門：C言語からC++へ移行した人が最初に感動する機能,C++
C++のクラス（Class）の基本：コンストラクタとデストラクタ,C++
C++の標準テンプレートライブラリ（STL）のvectorを使い倒す,C++
C++11から始まったモダンC++（auto / ラムダ式 / 範囲for）入門,C++
スマートポインタ（unique_ptr / shared_ptr）でメモリ管理を安全にする,C++
C++の参照（Reference）とポインタ（Pointer）の明確な違い,C++
std::stringを使った安全で強力なC++の文字列操作,C++
C++のテンプレート（Template）によるジェネリックプログラミング入門,C++
C++における例外処理（try / catch / throw）のベストプラクティス,C++
std::mapとstd::unordered_mapの内部構造と速度比較,C++
C++の継承と仮想関数（virtual）による多態性の実現,C++
モダンC++のムーブセマンティクスと右辺値参照（&&）を理解する,C++
C++で競技プログラミング（競プロ）を始めるための標準入出力高速化,C++
C++のiostream（cout / cin）とCのstdio（printf）の速度比較,C++
C++の演算子オーバーロード（Operator Overloading）の書き方,C++
C++20の新機能：コンセプト（Concepts）とコルーチン超入門,C++
std::sortを使った配列・ベクトルの並び替えとカスタム比較関数,C++
C++の静的メンバ（static）と定数（const / constexpr）の使い分け,C++
C++でスレッド（std::thread）を使った並行プログラミング入門,C++
C++の名前にまつわる「名前空間（namespace）」の正しい使い方,C++
C++の多重継承とその問題点（ひし形継承問題）への対策,C++
C++でオブジェクト指向設計：インターフェースの作り方,C++
std::anyやstd::variantを使った柔軟な型管理テクニック,C++
C++のキャスト演算子（static_cast / dynamic_cast）の違い,C++
C++の構造体（struct）とクラス（class）の唯一の違いとは,C++
モダンC++でのスマートなリソース管理（RAIIパターン）,C++
C++でメモリバッファを直接操作する（std::vectorのデータポインタ）,C++
C++のインライン関数（inline）とコンパイラによる最適化の仕組み,C++
CMakeを使ったC++のマルチプラットフォームビルド環境構築,C++
C++で簡易的な2Dゲームエンジンを自作するための基本設計,C++
HTML5入門：モダンなWeb制作に必須のセマンティックタグの使い方,html
HTMLの構造：headタグの中に書くべき必須のmetaタグまとめ,html
初心者向け：aタグ（リンク）のtarget="_blank"とrel="noopener"の重要性,html
HTMLのフォーム（form）タグの基本：inputの主要型（type）一覧,html
コーディングが楽になる：Emmet（エメット）のHTMLショートカット一覧,html
HTMLのテーブル（table/tr/td）タグの基本とレスポンシブ対応の考え方,html
SEOに強いHTMLの書き方：見出しタグ（h1〜h6）の正しい階層構造,html
HTMLで画像を埋め込むimgタグのalt属性とloading="lazy"の効果,html
HTMLのリスト（ul/ol/li）タグの使い分けとメニューバーへの応用,html
HTML5のaudioタグとvideoタグを使ったメディア埋め込み手順,html
アクセシビリティを高めるHTMLのARIA属性（aria-label等）入門,html
HTMLのdivタグとspanタグの最大の違い（ブロック要素vsインライン要素）,html
HTMLのid属性とclass属性の使い分けの明確なルール,html
HTMLフォームのバリデーション機能（required / pattern）を使いこなす,html
HTMLの文字化けを防ぐ charset="utf-8" の仕組みを解説,html
iframeタグを使って外部サイト（Googleマップ等）を安全に埋め込む,html
HTMLのdatalistタグを使って入力補完付きの検索窓を作る方法,html
HTML5のdialogタグを使ったモーダルウィンドウの作り方（JS連携）,html
HTMLコーディングの効率化：テンプレートエンジン（Pug/EJS）入門,html
HTMLの中にSVGコードを直接埋め込んでアイコンを表示するメリット,html
HTMLのdetailsとsummaryタグで作るJavaScript不要のアコーディオン,html
HTMLのbuttonタグとinput type="submit"の違いについて,html
Webサイトの骨組みを作る：ワイヤーフレームからHTMLへ起こす手順,html
HTMLのセレクトボックス（select / option）の基本とカスタマイズ,html
HTMLファイルのパーツ化：記述を共通部分で分割管理する方法,html
HTMLの進捗バーを表示するprogressタグとmeterタグの使い方,html
HTMLのコメントアウト（）の書き方と注意すべきセキュリティ,html
HTML要素の配置順（DOMツリー）がスクリーンリーダーに与える影響,html
HTMLのpictureタグを使ったデバイスごとの画像出し分け（アートディレクション）,html
HTMLで特殊文字（&amp; &lt; &gt;）をエスケープする理由と一覧,html
CSS3入門：デザインを劇的に変える基本的なセレクタとプロパティ,css
CSS Flexbox（フレックスボックス）を完全に理解するコンプリートガイド,css
CSS Grid（グリッドレイアウト）を使った2次元配置の基本と応用,css
レスポンシブ対応の基本：メディアクエリ（@media）の書き方とブレイクポイント,css
CSSの「要素が重なる順序（z-index）」が効かない原因と対策,css
CSSの単位を徹底比較：px / em / rem / % / vw / vhの正しい使い分け,css
CSSのボックスモデル（margin / border / padding / content）の仕組み,css
CSSで文字や要素を上下左右の中央配置（センタリング）する最新の手法,css
CSSの「継承」と「優先順位（詳細度）」の計算ルールを完全マスター,css
CSSだけで作るおしゃれなボタンデザインとhoverアニメーション,css
CSSの擬似要素（::before / ::after）の便利な使い方と実例まとめ,css
CSSの擬似クラス（:nth-child / :hover / :focus）の使いこなし術,css
CSSでアニメーション：transitionと@keyframesの基本的な書き方,css
CSS変数（カスタムプロパティ）を使ってテーマ切り替え（ダークモード）を実装する,css
CSSの「marginの崩壊（折りたたみ）」が起きる原因と解決策,css
Tailwind CSS入門：ユーティリティファーストなスタイリングの魅力,css
CSSのpositionプロパティ（absolute / relative / fixed / sticky）の使い分け,css
Sass/SCSSの基本：ネスト、変数、ミックスイン（@mixin）でCSSを効率化,css
CSSのダークモード対応：prefers-color-schemeの使い方,css
CSSで画像を丸く切り抜く（border-radius）とトリミング（object-fit）,css
CSSのbox-shadowプロパティで作る美しい立体感とシャドウのデザイン,css
CSSの文字溢れ対策：text-overflow: ellipsisで3点リーダーを表示する,css
CSSのbackground-imageを綺麗に全面表示する（background-size: cover）,css
CSSの最新プロパティ「aspect-ratio」で画像の縦横比を固定する,css
CSSのcalc()関数を使って動的にサイズを計算するスタイリング技,css
CSS設計：BEM（ベン）の命名規則を導入してクラス名のカオスを防ぐ,css
CSSのpointer-events: noneを使ってクリックイベントを透過させる,css
CSSのlinear-gradientを使った美しいグラデーション背景の作り方,css
CSSのスクロールスナップ（scroll-snap）で作るピタッと止まるカルーセル,css
CSSのfilterプロパティ（blur / brightness / contrast）で画像エフェクト,css
JavaScript入門：モダンなES6以降の構文（const/let / アロー関数）の基本,javascript
JavaScriptのDOM操作：要素の取得・追加・削除の手順を徹底解説,javascript
JavaScriptの非同期処理を攻略：Promiseとasync/awaitの使い方,javascript
JavaScriptの配列操作メソッド（map / filter / reduce / forEach）の使い分け,javascript
JavaScriptでAPIからデータを取得する（fetch API）の基本形,javascript
JavaScriptのイベントリスナー（addEventListener）の使い方とイベントバブリング,javascript
JavaScriptの「this」の正体：アロー関数と通常の関数の挙動の違い,javascript
JavaScriptのオブジェクトの分割代入とスプレッド構文（...）を使いこなす,javascript
JavaScriptでローカルストレージ（localStorage）にデータを保存・取得する,javascript
JavaScriptのタイマー処理（setTimeoutとsetInterval）の仕組みと解除方法,javascript
JavaScriptのモジュールシステム（import / export）の基本構成,javascript
JavaScriptの「クロージャ（Closure）」とは？仕組みとカプセル化の例,javascript
JavaScriptの厳密等価演算子（===）と等価演算子（==）の違いを今一度理解する,javascript
JavaScriptでエラーハンドリング（try...catch）を正しく行う手順,javascript
JavaScriptで画面スクロールを検知して「トップへ戻る」ボタンを出す方法,javascript
JavaScriptのデバッグ手法：console.log卒業とデバッガ（debugger）の使い方,javascript
JavaScriptのテンプレートリテラル（バッククォート文字列）の便利な書き方,javascript
JavaScriptでJSON形式のデータをオブジェクトに変換・パースする方法,javascript
JavaScriptの「プロトタイプ（Prototype）」とクラス（Class）の内部構造,javascript
JavaScriptでフォームの送信イベントを制御する e.preventDefault(),javascript
JavaScriptの即時関数（IIFE）の役割と最近のJavaScriptでの代替策,javascript
JavaScriptの真偽値判定（TruthyとFalsy）の落とし穴一覧,javascript
JavaScriptで文字列を数値に変換する（parseInt / Number）の挙動の違い,javascript
JavaScriptで複数の非同期処理を並行実行する Promise.all の使い方,javascript
JavaScriptの「コールバック地獄」をPromiseで解決するビフォーアフター,javascript
JavaScriptで配列やオブジェクトを深くコピー（ディープコピー）する方法,javascript
JavaScriptのイベントデリゲーション（Event Delegation）による効率的なメモリ管理,javascript
JavaScriptでURLのパラメータ（クエリ文字列）を取得・操作するURLSearchParams,javascript
JavaScriptのDOM生成を爆速にするDocumentFragmentの使い方,javascript
JavaScriptの変数スコープ（関数スコープ、ブロックスコープ）の仕組み,javascript